[{"name":"Gogoanime","id":1061885186,"baseUrl":"https://anitaku.to","lang":"en","typeSource":"single","iconUrl":"https://raw.githubusercontent.com/m2k3a/mangayomi-extensions/main/dart/anime/src/en/gogoanime/icon.png","dateFormat":"","dateFormatLocale":"","isNsfw":false,"hasCloudflare":false,"sourceCodeUrl":"https://raw.githubusercontent.com/m2k3a/mangayomi-extensions/main/dart/anime/src/en/gogoanime/gogoanime.dart","apiUrl":"","version":"0.1.2","isManga":false,"itemType":1,"isFullData":false,"appMinVerReq":"0.5.0","additionalParams":"","sourceCodeLanguage":0,"notes":""},{"name":"FrAnime","id":870016579,"baseUrl":"https://franime.fr","lang":"fr","typeSource":"single","iconUrl":"https://raw.githubusercontent.com/m2k3a/mangayomi-extensions/main/dart/anime/src/fr/franime/icon.png","dateFormat":"","dateFormatLocale":"","isNsfw":false,"hasCloudflare":false,"sourceCodeUrl":"https://raw.githubusercontent.com/m2k3a/mangayomi-extensions/main/dart/anime/src/fr/franime/franime.dart","apiUrl":"https://api.franime.fr","version":"0.0.8","isManga":false,"itemType":1,"isFullData":true,"appMinVerReq":"0.5.0","additionalParams":"","sourceCodeLanguage":0,"notes":""},{"name":"OtakuFr","id":828939690,"baseUrl":"https://otakufr.cc","lang":"fr","typeSource":"single","iconUrl":"https://raw.githubusercontent.com/m2k3a/mangayomi-extensions/main/dart/anime/src/fr/otakufr/icon.png","dateFormat":"","dateFormatLocale":"","isNsfw":false,"hasCloudflare":false,"sourceCodeUrl":"https://raw.githubusercontent.com/m2k3a/mangayomi-extensions/main/dart/anime/src/fr/otakufr/otakufr.dart","apiUrl":"","version":"0.1.0","isManga":false,"itemType":1,"isFullData":false,"appMinVerReq":"0.5.0","additionalParams":"","sourceCodeLanguage":0,"notes":""},{"name":"AnimesUltra","id":1050779985,"baseUrl":"https://w2.animesultra.net","lang":"fr","typeSource":"single","iconUrl":"https://raw.githubusercontent.com/m2k3a/mangayomi-extensions/main/dart/anime/src/fr/animesultra/icon.png","dateFormat":"","dateFormatLocale":"","isNsfw":false,"hasCloudflare":false,"sourceCodeUrl":"https://raw.githubusercontent.com/m2k3a/mangayomi-extensions/main/dart/anime/src/fr/animesultra/animesultra.dart","apiUrl":"","version":"0.0.8","isManga":false,"itemType":1,"isFullData":false,"appMinVerReq":"0.5.0","additionalParams":"","sourceCodeLanguage":0,"notes":""},{"name":"HiAnime","id":814067600,"baseUrl":"https://hianime.to","lang":"en","typeSource":"zorotheme","iconUrl":"https://raw.githubusercontent.com/m2k3a/mangayomi-extensions/main/dart/anime/multisrc/zorotheme/src/hianime/icon.png","dateFormat":"","dateFormatLocale":"","isNsfw":false,"hasCloudflare":false,"sourceCodeUrl":"https://raw.githubusercontent.com/m2k3a/mangayomi-extensions/main/dart/anime/multisrc/zorotheme/zorotheme.dart","apiUrl":"","version":"0.1.8","isManga":false,"itemType":1,"isFullData":false,"appMinVerReq":"0.5.0","additionalParams":"","sourceCodeLanguage":0,"notes":""},{"name":"Kaido.to","id":961999573,"baseUrl":"https://kaido.to","lang":"en","typeSource":"zorotheme","iconUrl":"https://raw.githubusercontent.com/m2k3a/mangayomi-extensions/main/dart/anime/multisrc/zorotheme/src/kaido/icon.png","dateFormat":"","dateFormatLocale":"","isNsfw":false,"hasCloudflare":false,"sourceCodeUrl":"https://raw.githubusercontent.com/m2k3a/mangayomi-extensions/main/dart/anime/multisrc/zorotheme/zorotheme.dart","apiUrl":"","version":"0.1.8","isManga":false,"itemType":1,"isFullData":false,"appMinVerReq":"0.5.0","additionalParams":"","sourceCodeLanguage":0,"notes":""},{"name":"Okanime","id":816422873,"baseUrl":"https://www.okanime.xyz","lang":"ar","typeSource":"single","iconUrl":"https://raw.githubusercontent.com/m2k3a/mangayomi-extensions/main/dart/anime/src/ar/okanime/icon.png","dateFormat":"","dateFormatLocale":"","isNsfw":false,"hasCloudflare":false,"sourceCodeUrl":"https://raw.githubusercontent.com/m2k3a/mangayomi-extensions/main/dart/anime/src/ar/okanime/okanime.dart","apiUrl":"","version":"0.0.6","isManga":false,"itemType":1,"isFullData":false,"appMinVerReq":"0.5.0","additionalParams":"","sourceCodeLanguage":0,"notes":""},{"name":"OtakuDesu","id":857966631,"baseUrl":"https://otakudesu.cloud","lang":"id","typeSource":"single","iconUrl":"https://raw.githubusercontent.com/m2k3a/mangayomi-extensions/main/dart/anime/src/id/otakudesu/icon.png","dateFormat":"","dateFormatLocale":"","isNsfw":false,"hasCloudflare":false,"sourceCodeUrl":"https://raw.githubusercontent.com/m2k3a/mangayomi-extensions/main/dart/anime/src/id/otakudesu/otakudesu.dart","apiUrl":"","version":"0.0.6","isManga":false,"itemType":1,"isFullData":false,"appMinVerReq":"0.5.0","additionalParams":"","sourceCodeLanguage":0,"notes":""},{"name":"NimeGami","id":228390212,"baseUrl":"https://nimegami.id","lang":"id","typeSource":"single","iconUrl":"https://raw.githubusercontent.com/m2k3a/mangayomi-extensions/main/dart/anime/src/id/nimegami/icon.png","dateFormat":"","dateFormatLocale":"","isNsfw":false,"hasCloudflare":false,"sourceCodeUrl":"https://raw.githubusercontent.com/m2k3a/mangayomi-extensions/main/dart/anime/src/id/nimegami/nimegami.dart","apiUrl":"","version":"0.0.6","isManga":false,"itemType":1,"isFullData":false,"appMinVerReq":"0.5.0","additionalParams":"","sourceCodeLanguage":0,"notes":""},{"name":"Oploverz","id":354763978,"baseUrl":"https://oploverz.gold","lang":"id","typeSource":"single","iconUrl":"https://raw.githubusercontent.com/m2k3a/mangayomi-extensions/main/dart/anime/src/id/oploverz/icon.png","dateFormat":"","dateFormatLocale":"","isNsfw":false,"hasCloudflare":false,"sourceCodeUrl":"https://raw.githubusercontent.com/m2k3a/mangayomi-extensions/main/dart/anime/src/id/oploverz/oploverz.dart","apiUrl":"","version":"0.0.55","isManga":false,"itemType":1,"isFullData":false,"appMinVerReq":"0.5.0","additionalParams":"","sourceCodeLanguage":0,"notes":""},{"name":"DopeBox","id":640189912,"baseUrl":"https://dopebox.to","lang":"en","typeSource":"dopeflix","iconUrl":"https://raw.githubusercontent.com/m2k3a/mangayomi-extensions/main/dart/anime/multisrc/dopeflix/src/dopebox/icon.png","dateFormat":"","dateFormatLocale":"","isNsfw":false,"hasCloudflare":false,"sourceCodeUrl":"https://raw.githubusercontent.com/m2k3a/mangayomi-extensions/main/dart/anime/multisrc/dopeflix/dopeflix.dart","apiUrl":"","version":"0.0.7","isManga":false,"itemType":1,"isFullData":false,"appMinVerReq":"0.5.0","additionalParams":"","sourceCodeLanguage":0,"notes":""},{"name":"SFlix","id":372182741,"baseUrl":"https://sflix.to","lang":"en","typeSource":"dopeflix","iconUrl":"https://raw.githubusercontent.com/m2k3a/mangayomi-extensions/main/dart/anime/multisrc/dopeflix/src/sflix/icon.png","dateFormat":"","dateFormatLocale":"","isNsfw":false,"hasCloudflare":false,"sourceCodeUrl":"https://raw.githubusercontent.com/m2k3a/mangayomi-extensions/main/dart/anime/multisrc/dopeflix/dopeflix.dart","apiUrl":"","version":"0.0.7","isManga":false,"itemType":1,"isFullData":false,"appMinVerReq":"0.5.0","additionalParams":"","sourceCodeLanguage":0,"notes":""},{"name":"AnimeSaturn","id":817602961,"baseUrl":"https://www.animesaturn.cx","lang":"it","typeSource":"single","iconUrl":"https://raw.githubusercontent.com/m2k3a/mangayomi-extensions/main/dart/anime/src/it/animesaturn/icon.png","dateFormat":"","dateFormatLocale":"","isNsfw":false,"hasCloudflare":false,"sourceCodeUrl":"https://raw.githubusercontent.com/m2k3a/mangayomi-extensions/main/dart/anime/src/it/animesaturn/animesaturn.dart","apiUrl":"","version":"0.0.55","isManga":false,"itemType":1,"isFullData":false,"appMinVerReq":"0.5.0","additionalParams":"","sourceCodeLanguage":0,"notes":""},{"name":"UHD Movies","id":412887556,"baseUrl":"https://uhdmovies.fans","lang":"en","typeSource":"single","iconUrl":"https://raw.githubusercontent.com/m2k3a/mangayomi-extensions/main/dart/anime/src/en/uhdmovies/icon.png","dateFormat":"","dateFormatLocale":"","isNsfw":false,"hasCloudflare":false,"sourceCodeUrl":"https://raw.githubusercontent.com/m2k3a/mangayomi-extensions/main/dart/anime/src/en/uhdmovies/uhdmovies.dart","apiUrl":"","version":"0.0.5","isManga":false,"itemType":1,"isFullData":false,"appMinVerReq":"0.5.0","additionalParams":"","sourceCodeLanguage":0,"notes":""},{"name":"French Anime","id":419375321,"baseUrl":"https://french-anime.com","lang":"fr","typeSource":"datalifeengine","iconUrl":"https://raw.githubusercontent.com/m2k3a/mangayomi-extensions/main/dart/anime/multisrc/datalifeengine/src/frenchanime/icon.png","dateFormat":"","dateFormatLocale":"","isNsfw":false,"hasCloudflare":false,"sourceCodeUrl":"https://raw.githubusercontent.com/m2k3a/mangayomi-extensions/main/dart/anime/multisrc/datalifeengine/datalifeengine.dart","apiUrl":"","version":"0.0.65","isManga":false,"itemType":1,"isFullData":false,"appMinVerReq":"0.5.0","additionalParams":"","sourceCodeLanguage":0,"notes":""},{"name":"Wiflix","id":1054910447,"baseUrl":"https://wiflix-hd.vip","lang":"fr","typeSource":"datalifeengine","iconUrl":"https://raw.githubusercontent.com/m2k3a/mangayomi-extensions/main/dart/anime/multisrc/datalifeengine/src/wiflix/icon.png","dateFormat":"","dateFormatLocale":"","isNsfw":false,"hasCloudflare":false,"sourceCodeUrl":"https://raw.githubusercontent.com/m2k3a/mangayomi-extensions/main/dart/anime/multisrc/datalifeengine/datalifeengine.dart","apiUrl":"","version":"0.0.65","isManga":false,"itemType":1,"isFullData":false,"appMinVerReq":"0.5.0","additionalParams":"","sourceCodeLanguage":0,"notes":""},{"name":"Filma24","id":892266880,"baseUrl":"https://www.filma24.band","lang":"sq","typeSource":"single","iconUrl":"https://raw.githubusercontent.com/m2k3a/mangayomi-extensions/main/dart/anime/src/sq/filma24/icon.png","dateFormat":"","dateFormatLocale":"","isNsfw":false,"hasCloudflare":false,"sourceCodeUrl":"https://raw.githubusercontent.com/m2k3a/mangayomi-extensions/main/dart/anime/src/sq/filma24/filma24.dart","apiUrl":"","version":"0.0.5","isManga":false,"itemType":1,"isFullData":false,"appMinVerReq":"0.5.0","additionalParams":"","sourceCodeLanguage":0,"notes":""},{"name":"YoMovies","id":537166091,"baseUrl":"https://yomovies.boo","lang":"hi","typeSource":"single","iconUrl":"https://raw.githubusercontent.com/m2k3a/mangayomi-extensions/main/dart/anime/src/hi/yomovies/icon.png","dateFormat":"","dateFormatLocale":"","isNsfw":false,"hasCloudflare":false,"sourceCodeUrl":"https://raw.githubusercontent.com/m2k3a/mangayomi-extensions/main/dart/anime/src/hi/yomovies/yomovies.dart","apiUrl":"","version":"0.0.3","isManga":false,"itemType":1,"isFullData":false,"appMinVerReq":"0.5.0","additionalParams":"","sourceCodeLanguage":0,"notes":""},{"name":"Anime-Sama","id":32228290,"baseUrl":"https://anime-sama.tv","lang":"fr","typeSource":"single","iconUrl":"https://raw.githubusercontent.com/m2k3a/mangayomi-extensions/main/dart/anime/src/fr/animesama/icon.png","dateFormat":"","dateFormatLocale":"","isNsfw":false,"hasCloudflare":false,"sourceCodeUrl":"https://raw.githubusercontent.com/m2k3a/mangayomi-extensions/main/dart/anime/src/fr/animesama/animesama.dart","apiUrl":"","version":"0.0.50","isManga":false,"itemType":1,"isFullData":false,"appMinVerReq":"0.5.0","additionalParams":"","sourceCodeLanguage":0,"notes":""},{"name":"9AnimeTv","id":957331416,"baseUrl":"https://9animetv.to","lang":"en","typeSource":"single","iconUrl":"https://raw.githubusercontent.com/m2k3a/mangayomi-extensions/main/dart/anime/src/en/nineanimetv/icon.png","dateFormat":"","dateFormatLocale":"","isNsfw":false,"hasCloudflare":false,"sourceCodeUrl":"https://raw.githubusercontent.com/m2k3a/mangayomi-extensions/main/dart/anime/src/en/nineanimetv/nineanimetv.dart","apiUrl":"","version":"0.0.55","isManga":false,"itemType":1,"isFullData":false,"appMinVerReq":"0.5.0","additionalParams":"","sourceCodeLanguage":0,"notes":""},{"name":"AnimeWorld India","id":529552861,"baseUrl":"https://anime-world.in","lang":"all","typeSource":"multiple","iconUrl":"https://raw.githubusercontent.com/m2k3a/mangayomi-extensions/main/dart/anime/src/all/animeworldindia/icon.png","dateFormat":"","dateFormatLocale":"","isNsfw":false,"hasCloudflare":false,"sourceCodeUrl":"https://raw.githubusercontent.com/m2k3a/mangayomi-extensions/main/dart/anime/src/all/animeworldindia/animeworldindia.dart","apiUrl":"","version":"0.0.35","isManga":false,"itemType":1,"isFullData":false,"appMinVerReq":"0.5.0","additionalParams":"","sourceCodeLanguage":0,"notes":""},{"name":"AnimeWorld India","id":298117146,"baseUrl":"https://anime-world.in","lang":"en","typeSource":"multiple","iconUrl":"https://raw.githubusercontent.com/m2k3a/mangayomi-extensions/main/dart/anime/src/all/animeworldindia/icon.png","dateFormat":"","dateFormatLocale":"","isNsfw":false,"hasCloudflare":false,"sourceCodeUrl":"https://raw.githubusercontent.com/m2k3a/mangayomi-extensions/main/dart/anime/src/all/animeworldindia/animeworldindia.dart","apiUrl":"","version":"0.0.35","isManga":false,"itemType":1,"isFullData":false,"appMinVerReq":"0.5.0","additionalParams":"","sourceCodeLanguage":0,"notes":""},{"name":"AnimeWorld India","id":953375665,"baseUrl":"https://anime-world.in","lang":"bn","typeSource":"multiple","iconUrl":"https://raw.githubusercontent.com/m2k3a/mangayomi-extensions/main/dart/anime/src/all/animeworldindia/icon.png","dateFormat":"","dateFormatLocale":"","isNsfw":false,"hasCloudflare":false,"sourceCodeUrl":"https://raw.githubusercontent.com/m2k3a/mangayomi-extensions/main/dart/anime/src/all/animeworldindia/animeworldindia.dart","apiUrl":"","version":"0.0.35","isManga":false,"itemType":1,"isFullData":false,"appMinVerReq":"0.5.0","additionalParams":"","sourceCodeLanguage":0,"notes":""},{"name":"AnimeWorld India","id":788028349,"baseUrl":"https://anime-world.in","lang":"hi","typeSource":"multiple","iconUrl":"https://raw.githubusercontent.com/m2k3a/mangayomi-extensions/main/dart/anime/src/all/animeworldindia/icon.png","dateFormat":"","dateFormatLocale":"","isNsfw":false,"hasCloudflare":false,"sourceCodeUrl":"https://raw.githubusercontent.com/m2k3a/mangayomi-extensions/main/dart/anime/src/all/animeworldindia/animeworldindia.dart","apiUrl":"","version":"0.0.35","isManga":false,"itemType":1,"isFullData":false,"appMinVerReq":"0.5.0","additionalParams":"","sourceCodeLanguage":0,"notes":""},{"name":"AnimeWorld India","id":486955727,"baseUrl":"https://anime-world.in","lang":"ja","typeSource":"multiple","iconUrl":"https://raw.githubusercontent.com/m2k3a/mangayomi-extensions/main/dart/anime/src/all/animeworldindia/icon.png","dateFormat":"","dateFormatLocale":"","isNsfw":false,"hasCloudflare":false,"sourceCodeUrl":"https://raw.githubusercontent.com/m2k3a/mangayomi-extensions/main/dart/anime/src/all/animeworldindia/animeworldindia.dart","apiUrl":"","version":"0.0.35","isManga":false,"itemType":1,"isFullData":false,"appMinVerReq":"0.5.0","additionalParams":"","sourceCodeLanguage":0,"notes":""},{"name":"AnimeWorld India","id":571428165,"baseUrl":"https://anime-world.in","lang":"ml","typeSource":"multiple","iconUrl":"https://raw.githubusercontent.com/m2k3a/mangayomi-extensions/main/dart/anime/src/all/animeworldindia/icon.png","dateFormat":"","dateFormatLocale":"","isNsfw":false,"hasCloudflare":false,"sourceCodeUrl":"https://raw.githubusercontent.com/m2k3a/mangayomi-extensions/main/dart/anime/src/all/animeworldindia/animeworldindia.dart","apiUrl":"","version":"0.0.35","isManga":false,"itemType":1,"isFullData":false,"appMinVerReq":"0.5.0","additionalParams":"","sourceCodeLanguage":0,"notes":""},{"name":"AnimeWorld India","id":976578551,"baseUrl":"https://anime-world.in","lang":"mr","typeSource":"multiple","iconUrl":"https://raw.githubusercontent.com/m2k3a/mangayomi-extensions/main/dart/anime/src/all/animeworldindia/icon.png","dateFormat":"","dateFormatLocale":"","isNsfw":false,"hasCloudflare":false,"sourceCodeUrl":"https://raw.githubusercontent.com/m2k3a/mangayomi-extensions/main/dart/anime/src/all/animeworldindia/animeworldindia.dart","apiUrl":"","version":"0.0.35","isManga":false,"itemType":1,"isFullData":false,"appMinVerReq":"0.5.0","additionalParams":"","sourceCodeLanguage":0,"notes":""},{"name":"AnimeWorld India","id":908421454,"baseUrl":"https://anime-world.in","lang":"ta","typeSource":"multiple","iconUrl":"https://raw.githubusercontent.com/m2k3a/mangayomi-extensions/main/dart/anime/src/all/animeworldindia/icon.png","dateFormat":"","dateFormatLocale":"","isNsfw":false,"hasCloudflare":false,"sourceCodeUrl":"https://raw.githubusercontent.com/m2k3a/mangayomi-extensions/main/dart/anime/src/all/animeworldindia/animeworldindia.dart","apiUrl":"","version":"0.0.35","isManga":false,"itemType":1,"isFullData":false,"appMinVerReq":"0.5.0","additionalParams":"","sourceCodeLanguage":0,"notes":""},{"name":"AnimeWorld India","id":619885111,"baseUrl":"https://anime-world.in","lang":"te","typeSource":"multiple","iconUrl":"https://raw.githubusercontent.com/m2k3a/mangayomi-extensions/main/dart/anime/src/all/animeworldindia/icon.png","dateFormat":"","dateFormatLocale":"","isNsfw":false,"hasCloudflare":false,"sourceCodeUrl":"https://raw.githubusercontent.com/m2k3a/mangayomi-extensions/main/dart/anime/src/all/animeworldindia/animeworldindia.dart","apiUrl":"","version":"0.0.35","isManga":false,"itemType":1,"isFullData":false,"appMinVerReq":"0.5.0","additionalParams":"","sourceCodeLanguage":0,"notes":""},{"name":"Nyaa","id":204272987,"baseUrl":"https://nyaa.si","lang":"all","typeSource":"torrent","iconUrl":"https://raw.githubusercontent.com/m2k3a/mangayomi-extensions/main/dart/anime/src/all/nyaa/icon.png","dateFormat":"","dateFormatLocale":"","isNsfw":false,"hasCloudflare":false,"sourceCodeUrl":"https://raw.githubusercontent.com/m2k3a/mangayomi-extensions/main/dart/anime/src/all/nyaa/nyaa.dart","apiUrl":"","version":"0.0.4","isManga":false,"itemType":1,"isFullData":false,"appMinVerReq":"0.5.0","additionalParams":"","sourceCodeLanguage":0,"notes":""},{"name":"AnimePahe","id":534387145,"baseUrl":"https://www.animepahe.ru","lang":"en","typeSource":"single","iconUrl":"https://raw.githubusercontent.com/m2k3a/mangayomi-extensions/main/dart/anime/src/en/animepahe/icon.png","dateFormat":"","dateFormatLocale":"","isNsfw":false,"hasCloudflare":false,"sourceCodeUrl":"https://raw.githubusercontent.com/m2k3a/mangayomi-extensions/main/dart/anime/src/en/animepahe/animepahe.dart","apiUrl":"","version":"0.0.8","isManga":false,"itemType":1,"isFullData":false,"appMinVerReq":"0.5.0","additionalParams":"","sourceCodeLanguage":0,"notes":""},{"name":"AnimeToast","id":922522471,"baseUrl":"https://animetoast.cc","lang":"de","typeSource":"single","iconUrl":"https://raw.githubusercontent.com/m2k3a/mangayomi-extensions/main/dart/anime/src/de/animetoast/icon.png","dateFormat":"","dateFormatLocale":"","isNsfw":false,"hasCloudflare":false,"sourceCodeUrl":"https://raw.githubusercontent.com/m2k3a/mangayomi-extensions/main/dart/anime/src/de/animetoast/animetoast.dart","apiUrl":"","version":"0.0.25","isManga":false,"itemType":1,"isFullData":false,"appMinVerReq":"0.5.0","additionalParams":"","sourceCodeLanguage":0,"notes":""},{"name":"AnimesVision","id":182512102,"baseUrl":"https://animes.vision","lang":"pt-br","typeSource":"single","iconUrl":"https://raw.githubusercontent.com/m2k3a/mangayomi-extensions/main/dart/anime/src/pt/animesvision/icon.png","dateFormat":"","dateFormatLocale":"","isNsfw":false,"hasCloudflare":false,"sourceCodeUrl":"https://raw.githubusercontent.com/m2k3a/mangayomi-extensions/main/dart/anime/src/pt/animesvision/animesvision.dart","apiUrl":"","version":"0.0.2","isManga":false,"itemType":1,"isFullData":false,"appMinVerReq":"0.5.0","additionalParams":"","sourceCodeLanguage":0,"notes":""},{"name":"diziWatch","id":585912766,"baseUrl":"https://diziwatch.net","lang":"tr","typeSource":"single","iconUrl":"https://raw.githubusercontent.com/m2k3a/mangayomi-extensions/main/dart/anime/src/tr/diziwatch/icon.png","dateFormat":"","dateFormatLocale":"","isNsfw":false,"hasCloudflare":false,"sourceCodeUrl":"https://raw.githubusercontent.com/m2k3a/mangayomi-extensions/main/dart/anime/src/tr/diziwatch/diziwatch.dart","apiUrl":"","version":"0.0.15","isManga":false,"itemType":1,"isFullData":false,"appMinVerReq":"0.5.0","additionalParams":"","sourceCodeLanguage":0,"notes":""},{"name":"AniZone","id":525728745,"baseUrl":"https://v1.animesz.xyz","lang":"fr","typeSource":"single","iconUrl":"https://raw.githubusercontent.com/m2k3a/mangayomi-extensions/main/dart/anime/src/fr/anizone/icon.png","dateFormat":"","dateFormatLocale":"","isNsfw":false,"hasCloudflare":false,"sourceCodeUrl":"https://raw.githubusercontent.com/m2k3a/mangayomi-extensions/main/dart/anime/src/fr/anizone/anizone.dart","apiUrl":"","version":"0.0.35","isManga":false,"itemType":1,"isFullData":false,"appMinVerReq":"0.5.0","additionalParams":"","sourceCodeLanguage":0,"notes":""},{"name":"AnimeOnline.Ninja","id":802700084,"baseUrl":"https://ww3.animeonline.ninja","lang":"es","typeSource":"single","iconUrl":"https://raw.githubusercontent.com/m2k3a/mangayomi-extensions/main/dart/anime/src/es/animeonlineninja/icon.png","dateFormat":"","dateFormatLocale":"","isNsfw":false,"hasCloudflare":false,"sourceCodeUrl":"https://raw.githubusercontent.com/m2k3a/mangayomi-extensions/main/dart/anime/src/es/animeonlineninja/animeonlineninja.dart","apiUrl":"","version":"0.0.35","isManga":false,"itemType":1,"isFullData":false,"appMinVerReq":"0.5.0","additionalParams":"","sourceCodeLanguage":0,"notes":""},{"name":"KissKH","id":614402273,"baseUrl":"https://kisskh.co","lang":"en","typeSource":"single","iconUrl":"https://raw.githubusercontent.com/m2k3a/mangayomi-extensions/main/dart/anime/src/en/kisskh/icon.png","dateFormat":"","dateFormatLocale":"","isNsfw":false,"hasCloudflare":false,"sourceCodeUrl":"https://raw.githubusercontent.com/m2k3a/mangayomi-extensions/main/dart/anime/src/en/kisskh/kisskh.dart","apiUrl":"","version":"0.0.7","isManga":false,"itemType":1,"isFullData":false,"appMinVerReq":"0.5.0","additionalParams":"","sourceCodeLanguage":0,"notes":""},{"name":"Vumeto","id":1053870596,"baseUrl":"https://vumeto.com","lang":"en","typeSource":"single","iconUrl":"https://raw.githubusercontent.com/m2k3a/mangayomi-extensions/main/dart/anime/src/en/vumeto/icon.png","dateFormat":"","dateFormatLocale":"","isNsfw":false,"hasCloudflare":false,"sourceCodeUrl":"https://raw.githubusercontent.com/m2k3a/mangayomi-extensions/main/dart/anime/src/en/vumeto/vumeto.dart","apiUrl":"","version":"0.0.55","isManga":false,"itemType":1,"isFullData":false,"appMinVerReq":"0.5.0","additionalParams":"","sourceCodeLanguage":0,"notes":""},{"name":"DonghuaStream","id":473858216,"baseUrl":"https://donghuastream.org","lang":"en","typeSource":"single","iconUrl":"https://raw.githubusercontent.com/m2k3a/mangayomi-extensions/main/dart/anime/src/en/donghuastream/icon.png","dateFormat":"","dateFormatLocale":"","isNsfw":false,"hasCloudflare":false,"sourceCodeUrl":"https://raw.githubusercontent.com/m2k3a/mangayomi-extensions/main/dart/anime/src/en/donghuastream/donghuastream.dart","apiUrl":"","version":"0.0.2","isManga":false,"itemType":1,"isFullData":false,"appMinVerReq":"0.5.0","additionalParams":"","sourceCodeLanguage":0,"notes":""},{"name":"AnimeWorld","id":368490446,"baseUrl":"https://www.animeworld.so","lang":"it","typeSource":"single","iconUrl":"https://i.postimg.cc/RFRGfBvP/FVLyB1I.png","dateFormat":"","dateFormatLocale":"","isNsfw":false,"hasCloudflare":false,"sourceCodeUrl":"https://raw.githubusercontent.com/m2k3a/mangayomi-extensions/main/javascript/anime/src/it/animeworld.js","apiUrl":"","version":"0.0.12","isManga":false,"itemType":1,"isFullData":false,"appMinVerReq":"0.5.0","additionalParams":"","sourceCodeLanguage":1,"notes":""},{"name":"Torrentio (Torrent)","id":1066185420,"baseUrl":"https://torrentio.strem.fun","lang":"all","typeSource":"torrent","iconUrl":"https://raw.githubusercontent.com/m2k3a/mangayomi-extensions/main/javascript/icon/all.torrentio.png","dateFormat":"","dateFormatLocale":"","isNsfw":false,"hasCloudflare":false,"sourceCodeUrl":"https://raw.githubusercontent.com/m2k3a/mangayomi-extensions/main/javascript/anime/src/all/torrentio.js","apiUrl":"","version":"0.0.25","isManga":false,"itemType":1,"isFullData":false,"appMinVerReq":"0.5.0","additionalParams":"","sourceCodeLanguage":1,"notes":""},{"name":"Torrentio Anime (Torrent)","id":715754009,"baseUrl":"https://torrentio.strem.fun","lang":"all","typeSource":"torrent","iconUrl":"https://raw.githubusercontent.com/m2k3a/mangayomi-extensions/main/javascript/icon/all.torrentio.png","dateFormat":"","dateFormatLocale":"","isNsfw":false,"hasCloudflare":false,"sourceCodeUrl":"https://raw.githubusercontent.com/m2k3a/mangayomi-extensions/main/javascript/anime/src/all/torrentioanime.js","apiUrl":"","version":"0.0.2","isManga":false,"itemType":1,"isFullData":false,"appMinVerReq":"0.5.0","additionalParams":"","sourceCodeLanguage":1,"notes":""},{"name":"NetMirror","id":446414301,"baseUrl":"https://net2025.cc","lang":"all","typeSource":"single","iconUrl":"https://raw.githubusercontent.com/m2k3a/mangayomi-extensions/main/javascript/icon/all.netflixmirror.png","dateFormat":"","dateFormatLocale":"","isNsfw":false,"hasCloudflare":false,"sourceCodeUrl":"https://raw.githubusercontent.com/m2k3a/mangayomi-extensions/main/javascript/anime/src/all/netflixmirror.js","apiUrl":"https://net2025.cc","version":"1.0.5","isManga":false,"itemType":1,"isFullData":false,"appMinVerReq":"0.5.0","additionalParams":"","sourceCodeLanguage":1,"notes":""},{"name":"至臻视觉","id":11129663,"baseUrl":"https://mihdr.top","lang":"zh","typeSource":"single","iconUrl":"https://mihdr.top/upload/dycms/20240708-1/9150a85ec594c1e7b14619e6570d7ee4.png","dateFormat":"","dateFormatLocale":"","isNsfw":false,"hasCloudflare":false,"sourceCodeUrl":"https://raw.githubusercontent.com/m2k3a/mangayomi-extensions/main/javascript/anime/src/zh/mihdr.js","apiUrl":"","version":"0.0.3","isManga":false,"itemType":1,"isFullData":false,"appMinVerReq":"0.5.0","additionalParams":"","sourceCodeLanguage":1,"notes":""},{"name":"非凡资源","id":797525486,"baseUrl":"http://ffzy.tv","lang":"zh","typeSource":"single","iconUrl":"http://ffzy.tv/template/default/img/favicon.png","dateFormat":"","dateFormatLocale":"","isNsfw":false,"hasCloudflare":false,"sourceCodeUrl":"https://raw.githubusercontent.com/m2k3a/mangayomi-extensions/main/javascript/anime/src/zh/ffzy.js","apiUrl":"","version":"0.0.25","isManga":false,"itemType":1,"isFullData":false,"appMinVerReq":"0.5.0","additionalParams":"","sourceCodeLanguage":1,"notes":""},{"name":"天空资源网","id":967317255,"baseUrl":"https://tiankongzy.com","lang":"zh","typeSource":"single","iconUrl":"https://api.tiankongapi.com/template/v10012/images/logo.jpg","dateFormat":"","dateFormatLocale":"","isNsfw":false,"hasCloudflare":false,"sourceCodeUrl":"https://raw.githubusercontent.com/m2k3a/mangayomi-extensions/main/javascript/anime/src/zh/tiankongzy.js","apiUrl":"","version":"0.0.2","isManga":false,"itemType":1,"isFullData":false,"appMinVerReq":"0.5.0","additionalParams":"","sourceCodeLanguage":1,"notes":""},{"name":"玩偶哥哥","id":14810567,"baseUrl":"https://www.wogg.one","lang":"zh","typeSource":"single","iconUrl":"https://imgsrc.baidu.com/forum/pic/item/4b90f603738da977d5da660af651f8198618e31f.jpg","dateFormat":"","dateFormatLocale":"","isNsfw":false,"hasCloudflare":false,"sourceCodeUrl":"https://raw.githubusercontent.com/m2k3a/mangayomi-extensions/main/javascript/anime/src/zh/wogg.js","apiUrl":"","version":"0.0.3","isManga":false,"itemType":1,"isFullData":false,"appMinVerReq":"0.5.0","additionalParams":"","sourceCodeLanguage":1,"notes":""},{"name":"360资源","id":750729164,"baseUrl":"https://360zy.com","lang":"zh","typeSource":"single","iconUrl":"https://360zy.com/favicon.ico","dateFormat":"","dateFormatLocale":"","isNsfw":false,"hasCloudflare":false,"sourceCodeUrl":"https://raw.githubusercontent.com/m2k3a/mangayomi-extensions/main/javascript/anime/src/zh/360zy.js","apiUrl":"","version":"0.0.1","isManga":false,"itemType":1,"isFullData":false,"appMinVerReq":"0.5.0","additionalParams":"","sourceCodeLanguage":1,"notes":""},{"name":"多多影音","id":400189518,"baseUrl":"https://tv.yydsys.top","lang":"zh","typeSource":"single","iconUrl":"https://tv.yydsys.top/template/DYXS2/static/picture/logo.png","dateFormat":"","dateFormatLocale":"","isNsfw":false,"hasCloudflare":false,"sourceCodeUrl":"https://raw.githubusercontent.com/m2k3a/mangayomi-extensions/main/javascript/anime/src/zh/yydsys.js","apiUrl":"","version":"0.0.3","isManga":false,"itemType":1,"isFullData":false,"appMinVerReq":"0.5.0","additionalParams":"","sourceCodeLanguage":1,"notes":""},{"name":"华为吧资源","id":790593517,"baseUrl":"https://huaweiba.live","lang":"zh","typeSource":"single","iconUrl":"https://huaweiba.live/template/ziyuan/images/logo2.png","dateFormat":"","dateFormatLocale":"","isNsfw":false,"hasCloudflare":false,"sourceCodeUrl":"https://raw.githubusercontent.com/m2k3a/mangayomi-extensions/main/javascript/anime/src/zh/huaweiba.js","apiUrl":"","version":"0.0.1","isManga":false,"itemType":1,"isFullData":false,"appMinVerReq":"0.5.0","additionalParams":"","sourceCodeLanguage":1,"notes":""},{"name":"樱花动漫","id":781484038,"baseUrl":"http://www.iyinghua.com","lang":"zh","typeSource":"single","iconUrl":"https://raw.githubusercontent.com/m2k3a/mangayomi-extensions/main/javascript/icon/zh.yhdm.png","dateFormat":"","dateFormatLocale":"","isNsfw":false,"hasCloudflare":false,"sourceCodeUrl":"https://raw.githubusercontent.com/m2k3a/mangayomi-extensions/main/javascript/anime/src/zh/yhdm.js","apiUrl":"","version":"0.0.2","isManga":false,"itemType":1,"isFullData":false,"appMinVerReq":"0.5.0","additionalParams":"","sourceCodeLanguage":1,"notes":""},{"name":"极速资源","id":593630482,"baseUrl":"https://www.jisuzy.com","lang":"zh","typeSource":"single","iconUrl":"https://www.jisuzy.com/template/default/images/site_logo.png","dateFormat":"","dateFormatLocale":"","isNsfw":false,"hasCloudflare":false,"sourceCodeUrl":"https://raw.githubusercontent.com/m2k3a/mangayomi-extensions/main/javascript/anime/src/zh/jisuzy.js","apiUrl":"","version":"0.0.2","isManga":false,"itemType":1,"isFullData":false,"appMinVerReq":"0.5.0","additionalParams":"","sourceCodeLanguage":1,"notes":""},{"name":"蜜柑计划","id":1032743453,"baseUrl":"https://mikanani.me","lang":"zh","typeSource":"torrent","iconUrl":"https://raw.githubusercontent.com/m2k3a/mangayomi-extensions/main/javascript/icon/zh.mikan.png","dateFormat":"","dateFormatLocale":"","isNsfw":false,"hasCloudflare":false,"sourceCodeUrl":"https://raw.githubusercontent.com/m2k3a/mangayomi-extensions/main/javascript/anime/src/zh/mikan.js","apiUrl":"","version":"0.0.3","isManga":false,"itemType":1,"isFullData":false,"appMinVerReq":"0.5.0","additionalParams":"","sourceCodeLanguage":1,"notes":""},{"name":"小米UC资源站","id":143878436,"baseUrl":"http://www.mucpan.cc","lang":"zh","typeSource":"single","iconUrl":"http://www.mucpan.cc/template/DYXS2/static/picture/index_logo.png","dateFormat":"","dateFormatLocale":"","isNsfw":false,"hasCloudflare":false,"sourceCodeUrl":"https://raw.githubusercontent.com/m2k3a/mangayomi-extensions/main/javascript/anime/src/zh/mucpan.js","apiUrl":"","version":"0.0.3","isManga":false,"itemType":1,"isFullData":false,"appMinVerReq":"0.5.0","additionalParams":"","sourceCodeLanguage":1,"notes":""},{"name":"AniWorld","id":746621198,"baseUrl":"https://aniworld.to","lang":"de","typeSource":"single","iconUrl":"https://raw.githubusercontent.com/m2k3a/mangayomi-extensions/main/javascript/icon/de.aniworld.png","dateFormat":"","dateFormatLocale":"","isNsfw":false,"hasCloudflare":false,"sourceCodeUrl":"https://raw.githubusercontent.com/m2k3a/mangayomi-extensions/main/javascript/anime/src/de/aniworld.js","apiUrl":"","version":"0.3.8","isManga":false,"itemType":1,"isFullData":false,"appMinVerReq":"0.5.0","additionalParams":"","sourceCodeLanguage":1,"notes":""},{"name":"SerienStream","id":178264452,"baseUrl":"https://s.to","lang":"de","typeSource":"single","iconUrl":"https://s.to/favicon.ico","dateFormat":"","dateFormatLocale":"","isNsfw":false,"hasCloudflare":false,"sourceCodeUrl":"https://raw.githubusercontent.com/m2k3a/mangayomi-extensions/main/javascript/anime/src/de/serienstream.js","apiUrl":"","version":"0.1.0","isManga":false,"itemType":1,"isFullData":false,"appMinVerReq":"0.5.0","additionalParams":"","sourceCodeLanguage":1,"notes":""},{"name":"AnimeFénix","id":750391210,"baseUrl":"https://www3.animefenix.tv","lang":"es","typeSource":"single","iconUrl":"https://www3.animefenix.tv/themes/fenix-neo/images/AveFenix.png","dateFormat":"","dateFormatLocale":"","isNsfw":false,"hasCloudflare":false,"sourceCodeUrl":"https://raw.githubusercontent.com/m2k3a/mangayomi-extensions/main/javascript/anime/src/es/animefenix.js","apiUrl":"","version":"0.1.13","isManga":false,"itemType":1,"isFullData":false,"appMinVerReq":"0.5.0","additionalParams":"","sourceCodeLanguage":1,"notes":""},{"name":"TioAnime","id":156757473,"baseUrl":"https://tioanime.com","lang":"es","typeSource":"single","iconUrl":"https://tioanime.com/assets/img/tio_fb.jpg","dateFormat":"","dateFormatLocale":"","isNsfw":false,"hasCloudflare":false,"sourceCodeUrl":"https://raw.githubusercontent.com/m2k3a/mangayomi-extensions/main/javascript/anime/src/es/tioanime.js","apiUrl":"","version":"0.1.12","isManga":false,"itemType":1,"isFullData":false,"appMinVerReq":"0.5.0","additionalParams":"","sourceCodeLanguage":1,"notes":""},{"name":"AnimeFLV","id":32554550,"baseUrl":"https://www3.animeflv.net","lang":"es","typeSource":"single","iconUrl":"https://raw.githubusercontent.com/m2k3a/mangayomi-extensions/main/javascript/icon/es.animeflv.png","dateFormat":"","dateFormatLocale":"","isNsfw":false,"hasCloudflare":false,"sourceCodeUrl":"https://raw.githubusercontent.com/m2k3a/mangayomi-extensions/main/javascript/anime/src/es/animeflv.js","apiUrl":"","version":"0.0.1","isManga":false,"itemType":1,"isFullData":false,"appMinVerReq":"0.5.0","additionalParams":"","sourceCodeLanguage":1,"notes":""},{"name":"JKAnime","id":1018721463,"baseUrl":"https://jkanime.net","lang":"es","typeSource":"single","iconUrl":"https://cdn.jkanime.net/logo_jk.png","dateFormat":"","dateFormatLocale":"","isNsfw":false,"hasCloudflare":false,"sourceCodeUrl":"https://raw.githubusercontent.com/m2k3a/mangayomi-extensions/main/javascript/anime/src/es/jkanime.js","apiUrl":"","version":"0.1.13","isManga":false,"itemType":1,"isFullData":false,"appMinVerReq":"0.5.0","additionalParams":"","sourceCodeLanguage":1,"notes":""},{"name":"AllAnime","id":558217176,"baseUrl":"https://allmanga.to","lang":"en","typeSource":"single","iconUrl":"https://raw.githubusercontent.com/m2k3a/mangayomi-extensions/main/javascript/icon/en.allanime.png","dateFormat":"","dateFormatLocale":"","isNsfw":false,"hasCloudflare":false,"sourceCodeUrl":"https://raw.githubusercontent.com/m2k3a/mangayomi-extensions/main/javascript/anime/src/en/allanime.js","apiUrl":"https://api.allanime.day/api","version":"0.0.4","isManga":false,"itemType":1,"isFullData":false,"appMinVerReq":"0.5.0","additionalParams":"","sourceCodeLanguage":1,"notes":""}]